id	platform	profile	component	origin	input	binding	action	source	source_pattern	discoverability	print	sheets	print_reason
sway.launch.terminal	fedora	sway	sway	repository	key	Super+Enter	Open Ghostty	platforms/fedora/stow/sway/.config/sway/config	bindsym \$mod\+Return exec ghostty	config-only	true	fedora-sway	-
sway.launch.launcher	fedora	sway	sway	repository	key	Super+P	Open Fuzzel (application launcher)	platforms/fedora/stow/sway/.config/sway/config	bindsym \$mod\+p exec fuzzel	config-only	true	fedora-sway	-
sway.focus.direction	fedora	sway	sway	repository	key	Super+H/J/K/L	Focus left/down/up/right	platforms/fedora/stow/sway/.config/sway/config	bindsym \$mod\+\$(left|down|up|right) focus (left|down|up|right)	config-only	true	fedora-sway	-
sway.focus.parent	fedora	sway	sway	repository	key	Super+A	Focus the parent container	platforms/fedora/stow/sway/.config/sway/config	bindsym \$mod\+a focus parent	config-only	true	fedora-sway	-
sway.focus.mode-toggle	fedora	sway	sway	repository	key	Super+Space	Toggle focus between tiling and floating	platforms/fedora/stow/sway/.config/sway/config	bindsym \$mod\+space focus mode_toggle	config-only	true	fedora-sway	-
sway.move.direction	fedora	sway	sway	repository	key	Super+Shift+H/J/K/L	Move the focused container left/down/up/right	platforms/fedora/stow/sway/.config/sway/config	bindsym \$mod\+Shift\+\$(left|down|up|right) move (left|down|up|right)	config-only	true	fedora-sway	-
sway.workspace.switch	fedora	sway	sway	repository	key	Super+1..9	Switch to workspace 1-9	platforms/fedora/stow/sway/.config/sway/config	bindsym \$mod\+[1-9] workspace number	config-only	true	fedora-sway	-
sway.workspace.move	fedora	sway	sway	repository	key	Super+Shift+1..9	Move the container to workspace 1-9	platforms/fedora/stow/sway/.config/sway/config	bindsym \$mod\+Shift\+[1-9] move container to workspace number	config-only	true	fedora-sway	-
sway.workspace.grid	fedora	sway	sway	repository	key	Super+Ctrl+H/J/K/L	Move through the wrapping 3x3 workspace grid (sway-workspace-grid)	platforms/fedora/stow/sway/.config/sway/config	bindsym \$mod\+Ctrl\+\$(left|down|up|right) exec sway-workspace-grid (left|down|up|right)	config-only	true	fedora-sway	-
sway.layout.split	fedora	sway	sway	repository	key	Super+B / Super+V	Split horizontal / vertical	platforms/fedora/stow/sway/.config/sway/config	bindsym \$mod\+(b splith|v splitv)	config-only	true	fedora-sway	-
sway.layout.stacking-tabbed	fedora	sway	sway	repository	key	Super+S / Super+W	Stacking / tabbed layout	platforms/fedora/stow/sway/.config/sway/config	bindsym \$mod\+(s layout stacking|w layout tabbed)	config-only	true	fedora-sway	-
sway.layout.toggle-split	fedora	sway	sway	repository	key	Super+E	Toggle split layout	platforms/fedora/stow/sway/.config/sway/config	bindsym \$mod\+e layout toggle split	config-only	true	fedora-sway	-
sway.layout.floating	fedora	sway	sway	repository	key	Super+Shift+Space	Toggle floating	platforms/fedora/stow/sway/.config/sway/config	bindsym \$mod\+Shift\+space floating toggle	config-only	true	fedora-sway	-
sway.window.fullscreen	fedora	sway	sway	repository	key	Super+F	Toggle fullscreen	platforms/fedora/stow/sway/.config/sway/config	bindsym \$mod\+f fullscreen toggle	config-only	true	fedora-sway	-
sway.window.kill	fedora	sway	sway	repository	key	Super+Shift+C	Kill the focused window	platforms/fedora/stow/sway/.config/sway/config	bindsym \$mod\+Shift\+c kill	config-only	true	fedora-sway	-
sway.session.lock	fedora	sway	sway	repository	key	Super+Shift+X	Lock the session (swaylock)	platforms/fedora/stow/sway/.config/sway/config	bindsym \$mod\+Shift\+x exec swaylock	config-only	true	fedora-sway	-
sway.session.reload	fedora	sway	sway	repository	key	Super+Shift+R	Reload the Sway configuration	platforms/fedora/stow/sway/.config/sway/config	bindsym \$mod\+Shift\+r reload	config-only	true	fedora-sway	-
sway.session.exit	fedora	sway	sway	repository	key	Super+Shift+E	Exit-session confirmation (swaynag)	platforms/fedora/stow/sway/.config/sway/config	bindsym \$mod\+Shift\+e exec swaynag	config-only	true	fedora-sway	-
sway.keyboard.layout	fedora	sway	sway	repository	key	Super+Alt+K	Switch between the US and Danish keyboard layouts	platforms/fedora/stow/sway/.config/sway/config	bindsym \$mod\+\$alt\+k input type:keyboard xkb_switch_layout next	config-only	true	fedora-sway	-
sway.notify.dismiss	fedora	sway	sway	repository	key	Super+N	Dismiss the current notification (Mako)	platforms/fedora/stow/sway/.config/sway/config	bindsym \$mod\+n exec makoctl dismiss	config-only	true	fedora-sway	-
sway.notify.restore	fedora	sway	sway	repository	key	Super+Shift+N	Restore the last dismissed notification	platforms/fedora/stow/sway/.config/sway/config	bindsym \$mod\+Shift\+n exec makoctl restore	config-only	true	fedora-sway	-
sway.screenshot.region	fedora	sway	sway	repository	key	Print, Super+Shift+S	Select a region and annotate it (sway-screenshot)	platforms/fedora/stow/sway/.config/sway/config	bindsym (Print|\$mod\+Shift\+s) exec sway-screenshot region	config-only	true	fedora-sway	-
sway.screenshot.output	fedora	sway	sway	repository	key	Shift+Print	Save the whole output to ~/Pictures/Screenshots	platforms/fedora/stow/sway/.config/sway/config	bindsym Shift\+Print exec sway-screenshot output	config-only	true	fedora-sway	-
sway.clipboard.history	fedora	sway	sway	repository	key	Super+Shift+V	Clipboard history picker (cliphist + Fuzzel)	platforms/fedora/stow/sway/.config/sway/config	bindsym \$mod\+Shift\+v exec cliphist list	config-only	true	fedora-sway	-
sway.mode.resize	fedora	sway	sway	repository	mode	Super+R	Enter resize mode	platforms/fedora/stow/sway/.config/sway/config	bindsym \$mod\+r mode "resize"	config-only	true	fedora-sway	-
sway.resize.direction	fedora	sway	sway	repository	key	H/J/K/L	Resize mode: shrink width / grow height / shrink height / grow width	platforms/fedora/stow/sway/.config/sway/config	bindsym \$(left|down|up|right) resize (shrink|grow) (width|height)	config-only	true	fedora-sway	-
sway.resize.exit	fedora	sway	sway	repository	key	Enter, Esc	Resize mode: return to the default mode	platforms/fedora/stow/sway/.config/sway/config	bindsym (Return|Escape) mode "default"	config-only	true	fedora-sway	-
sway.media.volume	fedora	sway	sway	repository	key	Vol Up/Down/Mute	Adjust or mute the default sink (wpctl)	platforms/fedora/stow/sway/.config/sway/config	bindsym XF86Audio(RaiseVolume|LowerVolume|Mute) exec wpctl	config-only	true	fedora-sway	-
sway.media.mic-mute	fedora	sway	sway	repository	key	Mic Mute	Toggle the default source (wpctl)	platforms/fedora/stow/sway/.config/sway/config	bindsym XF86AudioMicMute exec wpctl	config-only	true	fedora-sway	-
sway.media.brightness	fedora	sway	sway	repository	key	Bright Up/Down	Adjust panel brightness by 5% (brightnessctl)	platforms/fedora/stow/sway/.config/sway/config	bindsym XF86MonBrightness(Up|Down) exec brightnessctl	config-only	true	fedora-sway	-
sway.media.player	fedora	sway	sway	repository	key	Play/Next/Prev	Media control (playerctl)	platforms/fedora/stow/sway/.config/sway/config	bindsym XF86Audio(Play|Next|Prev) exec playerctl	config-only	true	fedora-sway	-
sway.session.start	fedora	sway	sway	repository	command	sway-session-start	Session wrapper Sway's desktop entry launches (environment, Waybar, wallpaper)	platforms/fedora/stow/sway/.local/bin/sway-session-start	sway-systemd/session\.sh	config-only	false	-	Sway's desktop entry runs it at login; there is nothing for a user to invoke
waybar.language.click	fedora	sway	waybar	repository	click	Waybar layout click	Switch between the US and Danish keyboard layouts	platforms/fedora/stow/waybar/.config/waybar/config.jsonc	"on-click": "swaymsg input type:keyboard xkb_switch_layout next"	status-bar	true	fedora-sway	-
waybar.network.click	fedora	sway	waybar	repository	click	Click: network module	Open nm-connection-editor	platforms/fedora/stow/waybar/.config/waybar/config.jsonc	"on-click": "nm-connection-editor"	status-bar	false	-	Discoverable by clicking the module it sits on; the sheet documents only the layout click, which has no other entry point
waybar.bluetooth.click	fedora	sway	waybar	repository	click	Click: bluetooth module	Open blueman-manager	platforms/fedora/stow/waybar/.config/waybar/config.jsonc	"on-click": "blueman-manager"	status-bar	false	-	Discoverable by clicking the module it sits on
waybar.audio.click	fedora	sway	waybar	repository	click	Click: volume module	Open pavucontrol	platforms/fedora/stow/waybar/.config/waybar/config.jsonc	"on-click": "pavucontrol"	status-bar	false	-	Discoverable by clicking the module it sits on
waybar.power-profile.status	fedora	sway	waybar	repository	command	power-profile-status	Status module showing the active asusd/power-profiles-daemon profile	platforms/fedora/stow/waybar/.config/waybar/config.jsonc	"exec": "power-profile-status"	status-bar	false	-	A status display, not an action: there is nothing to invoke
aerospace.launch.terminal	macos	base	aerospace	repository	key	Control+Option+Enter	Open a new Ghostty window	platforms/macos/stow/aerospace/.config/aerospace/aerospace.toml	ctrl-alt-enter = 'exec-and-forget open -na Ghostty'	config-only	true	macos	-
aerospace.focus.direction	macos	base	aerospace	repository	key	Control+Option+H/J/K/L	Focus left/down/up/right, across displays	platforms/macos/stow/aerospace/.config/aerospace/aerospace.toml	ctrl-alt-[hjkl] = 'focus --boundaries all-monitors-outer-frame (left|down|up|right)'	config-only	true	macos	-
aerospace.move.direction	macos	base	aerospace	repository	key	Ctrl+Opt+Shift+H/J/K/L	Move the focused window left/down/up/right, across displays	platforms/macos/stow/aerospace/.config/aerospace/aerospace.toml	ctrl-alt-shift-[hjkl] = 'move --boundaries all-monitors-outer-frame (left|down|up|right)'	config-only	true	macos	-
aerospace.workspace.grid	macos	base	aerospace	repository	key	Ctrl+Opt+Cmd+H/J/K/L	Move through the wrapping 3x3 workspace grid (aerospace-workspace-grid)	platforms/macos/stow/aerospace/.config/aerospace/aerospace.toml	ctrl-alt-cmd-[hjkl] = 'exec-and-forget ~/\.local/bin/aerospace-workspace-grid (left|down|up|right)'	config-only	true	macos	-
aerospace.workspace.switch	macos	base	aerospace	repository	key	Control+Option+1..9	Switch to workspace 1-9	platforms/macos/stow/aerospace/.config/aerospace/aerospace.toml	ctrl-alt-[1-9] = 'workspace [1-9]'	config-only	true	macos	-
aerospace.workspace.move	macos	base	aerospace	repository	key	Ctrl+Opt+Shift+1..9	Move the focused window to workspace 1-9	platforms/macos/stow/aerospace/.config/aerospace/aerospace.toml	ctrl-alt-shift-[1-9] = 'move-node-to-workspace [1-9]'	config-only	true	macos	-
aerospace.layout.tiles	macos	base	aerospace	repository	key	Control+Option+B/V	Horizontal / vertical tiles	platforms/macos/stow/aerospace/.config/aerospace/aerospace.toml	ctrl-alt-(b = 'layout tiles horizontal'|v = 'layout tiles vertical')	config-only	true	macos	-
aerospace.layout.accordion	macos	base	aerospace	repository	key	Control+Option+S/W	Vertical / horizontal accordion	platforms/macos/stow/aerospace/.config/aerospace/aerospace.toml	ctrl-alt-(s = 'layout accordion vertical'|w = 'layout accordion horizontal')	config-only	true	macos	-
aerospace.layout.toggle-split	macos	base	aerospace	repository	key	Control+Option+E	Toggle horizontal/vertical tiles	platforms/macos/stow/aerospace/.config/aerospace/aerospace.toml	ctrl-alt-e = 'layout tiles horizontal vertical'	config-only	false	-	The Sway analogue of Super+E; AeroSpace's own layout keys above cover the same need and the sheet keeps its Layout block to four rows
aerospace.layout.floating	macos	base	aerospace	repository	key	Ctrl+Opt+Shift+Space	Toggle floating/tiling	platforms/macos/stow/aerospace/.config/aerospace/aerospace.toml	ctrl-alt-shift-space = 'layout floating tiling'	config-only	true	macos	-
aerospace.window.fullscreen	macos	base	aerospace	repository	key	Control+Option+F	Fullscreen within the current Space	platforms/macos/stow/aerospace/.config/aerospace/aerospace.toml	ctrl-alt-f = 'fullscreen'	config-only	true	macos	-
aerospace.window.close	macos	base	aerospace	repository	key	Ctrl+Opt+Shift+C	Close the focused window	platforms/macos/stow/aerospace/.config/aerospace/aerospace.toml	ctrl-alt-shift-c = 'close'	config-only	true	macos	-
aerospace.session.reload	macos	base	aerospace	repository	key	Ctrl+Opt+Shift+R	Reload the AeroSpace configuration	platforms/macos/stow/aerospace/.config/aerospace/aerospace.toml	ctrl-alt-shift-r = 'reload-config'	config-only	true	macos	-
aerospace.mode.resize	macos	base	aerospace	repository	mode	Control+Option+R	Enter resize mode	platforms/macos/stow/aerospace/.config/aerospace/aerospace.toml	ctrl-alt-r = 'mode resize'	config-only	true	macos	-
aerospace.display.focus	macos	base	aerospace	repository	key	Control+Option+Tab	Focus the next display	platforms/macos/stow/aerospace/.config/aerospace/aerospace.toml	ctrl-alt-tab = 'focus-monitor --wrap-around next'	config-only	true	macos	-
aerospace.display.move-window	macos	base	aerospace	repository	key	Ctrl+Opt+Shift+Tab	Move the focused window to the next display	platforms/macos/stow/aerospace/.config/aerospace/aerospace.toml	ctrl-alt-shift-tab = 'move-node-to-monitor --wrap-around --focus-follows-window next'	config-only	true	macos	-
aerospace.display.move-workspace	macos	base	aerospace	repository	key	Ctrl+Opt+Cmd+Tab	Move the whole workspace to the next display	platforms/macos/stow/aerospace/.config/aerospace/aerospace.toml	ctrl-alt-cmd-tab = 'move-workspace-to-monitor --wrap-around next'	config-only	true	macos	-
aerospace.resize.direction	macos	base	aerospace	repository	key	H/J/K/L	Resize mode: shrink or grow width and height	platforms/macos/stow/aerospace/.config/aerospace/aerospace.toml	[hjkl] = 'resize (width|height) [-+]50'	config-only	true	macos	-
aerospace.resize.exit	macos	base	aerospace	repository	key	Enter, Esc	Resize mode: return to the main mode	platforms/macos/stow/aerospace/.config/aerospace/aerospace.toml	(enter|esc) = 'mode main'	config-only	true	macos	-
zsh.alias.eza	all	base	zsh	repository	command	ls / ll / la	eza: short / long with git status / all files	zsh/.config/zsh/.zshrc	alias (ls|ll|la)='eza	shell-help	true	fedora-kde,fedora-sway,fedora-wsl,macos,parrot-ctf	-
zsh.alias.tree	all	base	zsh	repository	command	tree	eza --tree	zsh/.config/zsh/.zshrc	alias tree='eza --tree'	shell-help	true	fedora-kde,fedora-sway,fedora-wsl,macos,parrot-ctf	-
zsh.alias.bat	all	base	zsh	repository	command	cat	bat, with syntax highlighting	zsh/.config/zsh/.zshrc	alias cat='bat'	shell-help	true	fedora-kde,fedora-sway,fedora-wsl,macos,parrot-ctf	-
zsh.function.tar	all	base	zsh	repository	command	tar A.tar.gz P...	Create an archive, compression chosen from the suffix	zsh/.config/zsh/.zshrc	^tar\(\) \{	shell-help	true	fedora-kde,fedora-sway,fedora-wsl,macos	-
zsh.function.untar	all	base	zsh	repository	command	untar A.tar.gz	Extract an archive	zsh/.config/zsh/.zshrc	^untar\(\) \{	shell-help	true	fedora-kde,fedora-sway,fedora-wsl,macos	-
zsh.command.integrations	all	base	zsh	repository	command	shell-integrations	Report optional tooling this shell could not activate	zsh/.config/zsh/.zshrc	^shell-integrations\(\) \{	shell-help	true	fedora-kde,fedora-sway,fedora-wsl,macos	-
zsh.command.theme	all	base	theme	repository	command	theme <f>	Switch the active Catppuccin flavour across the terminal, editor and CLI tools, plus the desktop where a hook is installed	bin/.local/bin/theme	preserve-wallpaper	documented	true	fedora-kde,fedora-sway,fedora-wsl,macos	-
zsh.function.theme-reexec	all	base	zsh	repository	command	theme <flavour>	Zsh wrapper that re-execs the shell after a successful or partial theme change	zsh/.config/zsh/.zshrc	^theme\(\) \{	documented	false	-	The same user-facing command as zsh.command.theme; the re-exec is an implementation layer, documented in the theming guide
zsh.edit.history-prefix	all	base	zsh	repository	key	Up / Down	History entries matching the typed prefix	zsh/.config/zsh/.zshrc	_dotfiles_bindkey up-line-or-beginning-search	config-only	true	fedora-kde,fedora-sway,fedora-wsl,macos	-
zsh.edit.completion-menu	all	base	zsh	repository	key	Tab	Open and select from the completion menu	zsh/.config/zsh/.zshrc	zstyle ':completion:\*' menu select|menu select	config-only	true	fedora-kde,fedora-sway,fedora-wsl,macos	-
zsh.edit.line-ends	all	base	zsh	repository	key	Home / End	Beginning / end of the command line	zsh/.config/zsh/.zshrc	_dotfiles_bindkey beginning-of-line	config-only	true	fedora-kde,fedora-sway,fedora-wsl,macos	-
zsh.edit.delete-char	all	base	zsh	repository	key	Delete	Delete the character under the cursor	zsh/.config/zsh/.zshrc	_dotfiles_bindkey delete-char	config-only	true	fedora-kde,fedora-sway,fedora-wsl,macos	-
zsh.edit.word-move	all	base	zsh	repository	key	Ctrl+Left / Right	Move one word backward / forward	zsh/.config/zsh/.zshrc	_dotfiles_bindkey backward-word	config-only	true	fedora-kde,fedora-sway,fedora-wsl,macos	-
zsh.edit.interactive-comment	all	base	zsh	repository	key	#	Start an interactive comment	zsh/.config/zsh/.zshrc	INTERACTIVE_COMMENTS|interactive_comments	config-only	true	fedora-kde,fedora-sway,fedora-wsl,macos	-
fzf.history	all	base	fzf	upstream	key	Ctrl+R	Fuzzy history search	-	-	tool-help	true	fedora-kde,fedora-sway,fedora-wsl,macos,parrot-ctf	-
fzf.files	all	base	fzf	upstream	key	Ctrl+T	Fuzzy file selection	-	-	tool-help	true	fedora-kde,fedora-sway,fedora-wsl,macos	-
fzf.cd	all	base	fzf	upstream	key	Alt+C	Fuzzy cd into a directory	-	-	tool-help	true	fedora-kde,fedora-sway,fedora-wsl,macos	-
zoxide.jump	all	base	zoxide	upstream	command	z name / zi	Jump to a ranked directory, or pick one interactively	-	-	tool-help	true	fedora-kde,fedora-sway,fedora-wsl,macos,parrot-ctf	-
tmux.session.new	all	base	tmux	upstream	command	tmux new -As X	Create or attach session X	-	-	tool-help	true	fedora-kde,fedora-sway,fedora-wsl,macos	-
tmux.session.detach	all	base	tmux	upstream	key	Prefix d	Detach from the session	-	-	tool-help	true	fedora-kde,fedora-sway,fedora-wsl,macos	-
tmux.session.choose	all	base	tmux	upstream	key	Prefix s	Choose a session	-	-	tool-help	true	fedora-kde,fedora-sway,fedora-wsl,macos	-
tmux.copy-mode	all	base	tmux	upstream	key	Prefix [	Scroll / copy mode	-	-	tool-help	true	fedora-kde,fedora-sway,fedora-wsl,macos	-
tmux.help	all	base	tmux	upstream	key	Prefix ?	List every tmux key binding	-	-	tool-help	true	fedora-kde,fedora-sway,fedora-wsl,macos	-
lazyvim.whichkey	all	base	neovim	upstream	key	Space	WhichKey menu	-	-	whichkey	true	fedora-kde,fedora-sway,fedora-wsl,macos,parrot-ctf	-
lazyvim.find-files	all	base	neovim	upstream	key	<lead>ff	Find files	-	-	whichkey	true	fedora-kde,fedora-sway,fedora-wsl,macos	-
lazyvim.live-grep	all	base	neovim	upstream	key	<lead>/	Live grep	-	-	whichkey	true	fedora-kde,fedora-sway,fedora-wsl,macos	-
lazyvim.buffers	all	base	neovim	upstream	key	<lead>,	Switch buffers	-	-	whichkey	true	fedora-kde,fedora-sway,fedora-wsl,macos	-
lazyvim.buffer-cycle	all	base	neovim	upstream	key	S-h/S-l	Previous / next buffer	-	-	whichkey	true	fedora-kde,fedora-sway,fedora-wsl,macos	-
lazyvim.goto	all	base	neovim	upstream	key	gd / gr	Go to definition / references	-	-	whichkey	true	fedora-kde,fedora-sway,fedora-wsl,macos	-
lazyvim.hover	all	base	neovim	upstream	key	K	Hover documentation	-	-	whichkey	true	fedora-kde,fedora-sway,fedora-wsl,macos	-
lazyvim.code-action	all	base	neovim	upstream	key	<lead>ca	Code action	-	-	whichkey	true	fedora-kde,fedora-sway,fedora-wsl,macos	-
lazyvim.rename	all	base	neovim	upstream	key	<lead>cr	Rename symbol	-	-	whichkey	true	fedora-kde,fedora-sway,fedora-wsl,macos	-
lazyvim.format	all	base	neovim	upstream	key	<lead>cf	Format buffer	-	-	whichkey	true	fedora-kde,fedora-sway,fedora-wsl,macos	-
lazyvim.diagnostic-cycle	all	base	neovim	upstream	key	]d / [d	Next / previous diagnostic	-	-	whichkey	true	fedora-kde,fedora-sway,fedora-wsl,macos	-
lazyvim.diagnostics	all	base	neovim	upstream	key	<lead>xx	Diagnostics list (Trouble)	-	-	whichkey	true	fedora-kde,fedora-sway,fedora-wsl,macos	-
lazyvim.dap-breakpoint	all	base	neovim	upstream	key	<lead>db	Toggle breakpoint	-	-	whichkey	true	fedora-kde,fedora-sway,fedora-wsl,macos	-
lazyvim.dap-continue	all	base	neovim	upstream	key	<lead>dc	Start / continue debugging	-	-	whichkey	true	fedora-kde,fedora-sway,fedora-wsl,macos	-
lazyvim.dap-ui	all	base	neovim	upstream	key	<lead>du	Toggle the debug UI	-	-	whichkey	true	fedora-kde,fedora-sway,fedora-wsl,macos	-
lazyvim.terminal	all	base	neovim	upstream	key	<lead>ft	Floating terminal	-	-	whichkey	true	fedora-kde,fedora-sway,fedora-wsl,macos	-
lazyvim.lazygit	all	base	neovim	upstream	key	<lead>gg	Open Lazygit	-	-	whichkey	true	fedora-kde,fedora-sway,fedora-wsl,macos	-
lazygit.open	all	base	lazygit	upstream	command	lazygit	Open Lazygit from any Git repository	-	-	tool-help	true	fedora-kde,fedora-sway,fedora-wsl,macos	-
lazygit.help	all	base	lazygit	upstream	key	?	Contextual key-binding help for the current panel	-	-	tool-help	true	fedora-kde,fedora-sway,fedora-wsl,macos	-
macos.spotlight	macos	base	macos	upstream	key	Command+Space	Native Spotlight	-	-	tool-help	true	macos	-
macos.clipboard	macos	base	macos	upstream	command	pbcopy / pbpaste	Pipe to and from the system clipboard	-	-	tool-help	true	macos	-
macos.screenshot	macos	base	macos	upstream	key	Cmd+Shift+3/4/5	Full / region / toolbar screenshot	-	-	tool-help	true	macos	-
kde.keyboard.layout	fedora	kde	kde	upstream	key	Meta+Alt+K	Plasma's own Switch to Next Keyboard Layout shortcut	-	-	tool-help	true	fedora-kde	-
noctty.reload	fedora-wsl	base	noctty	upstream	key	Ctrl+Shift+,	Reload the Noctty configuration	-	-	tool-help	true	fedora-wsl	-
wsl.open	fedora-wsl	base	wsl-interop	repository	command	wsl-open <url|path> [...]	Open existing Linux paths or supported URIs with their Windows handlers	platforms/fedora-wsl/stow/interop/.local/bin/wsl-open	#!/usr/bin/env bash|#!/bin/bash	documented	true	fedora-wsl	-
wsl.copy	fedora-wsl	base	wsl-interop	repository	command	wsl-copy	Send standard input to the Windows clipboard	platforms/fedora-wsl/stow/interop/.local/bin/wsl-copy	#!/usr/bin/env bash|#!/bin/bash	documented	true	fedora-wsl	-
wsl.paste	fedora-wsl	base	wsl-interop	repository	command	wsl-paste	Write the Windows clipboard to standard output	platforms/fedora-wsl/stow/interop/.local/bin/wsl-paste	#!/usr/bin/env bash|#!/bin/bash	documented	true	fedora-wsl	-
parrot.hex-encode	parrot-ctf	ctf-guest	zsh	repository	command	hex-encode TEXT	Encode text as hexadecimal with xxd	platforms/parrot-ctf/stow/zsh-platform/.config/zsh/platform.zsh	^hex-encode\(\) \{	documented	true	parrot-ctf	-
parrot.hex-decode	parrot-ctf	ctf-guest	zsh	repository	command	hex-decode HEX	Decode hexadecimal text	platforms/parrot-ctf/stow/zsh-platform/.config/zsh/platform.zsh	^hex-decode\(\) \{	documented	true	parrot-ctf	-
parrot.rot13	parrot-ctf	ctf-guest	zsh	repository	command	rot13 TEXT	Apply ROT13	platforms/parrot-ctf/stow/zsh-platform/.config/zsh/platform.zsh	^rot13\(\) \{	documented	true	parrot-ctf	-
parrot.x-copy	parrot-ctf	ctf-guest	zsh	repository	command	x-copy	Copy standard input to the X11 clipboard	platforms/parrot-ctf/stow/zsh-platform/.config/zsh/platform.zsh	alias x-copy='xclip -selection clipboard'	documented	true	parrot-ctf	-
parrot.noglob	parrot-ctf	ctf-guest	zsh	repository	mode	unsetopt NOMATCH	Unmatched glob-looking arguments pass through to CTF tools instead of raising NOMATCH	platforms/parrot-ctf/stow/zsh-platform/.config/zsh/platform.zsh	^unsetopt NOMATCH	documented	false	-	A shell option rather than an invocable action; the Parrot sheet explains the policy in prose
fedora.x-copy	fedora	vm-guest	zsh	repository	command	x-copy	Copy standard input to the X11 clipboard inside an explicit Fedora VM guest	platforms/fedora/stow/zsh-platform/.config/zsh/platform.zsh	alias x-copy='xclip -selection clipboard'	documented	false	-	Only present inside the optional VM-guest profile; the workstation sheets would advertise a command most machines do not have
nvim.latex.compile	all	latex	neovim	repository	key	<localleader>ll	VimTeX: compile continuously	nvim-lazyvim/.config/nvim/lua/plugins/latex.lua	"<localleader>ll"	whichkey	false	-	LaTeX editing is an optional profile; the workstation sheets stay a desktop and shell reference
nvim.latex.view	all	latex	neovim	repository	key	<localleader>lv	VimTeX: view the PDF / forward search	nvim-lazyvim/.config/nvim/lua/plugins/latex.lua	"<localleader>lv"	whichkey	false	-	LaTeX editing is an optional profile; the workstation sheets stay a desktop and shell reference
nvim.latex.errors	all	latex	neovim	repository	key	<localleader>le	VimTeX: build errors	nvim-lazyvim/.config/nvim/lua/plugins/latex.lua	"<localleader>le"	whichkey	false	-	LaTeX editing is an optional profile; the workstation sheets stay a desktop and shell reference
nvim.latex.output	all	latex	neovim	repository	key	<localleader>lo	VimTeX: compiler output	nvim-lazyvim/.config/nvim/lua/plugins/latex.lua	"<localleader>lo"	whichkey	false	-	LaTeX editing is an optional profile; the workstation sheets stay a desktop and shell reference
nvim.latex.toc	all	latex	neovim	repository	key	<localleader>lt	VimTeX: document table of contents	nvim-lazyvim/.config/nvim/lua/plugins/latex.lua	"<localleader>lt"	whichkey	false	-	LaTeX editing is an optional profile; the workstation sheets stay a desktop and shell reference
nvim.latex.info	all	latex	neovim	repository	key	<localleader>li	VimTeX: project info	nvim-lazyvim/.config/nvim/lua/plugins/latex.lua	"<localleader>li"	whichkey	false	-	LaTeX editing is an optional profile; the workstation sheets stay a desktop and shell reference
nvim.markdown.next-cell	all	markdown	neovim	repository	key	<M-l>	table-nvim: next table cell	nvim-lazyvim/.config/nvim/lua/plugins/markdown.lua	next = "<M-l>"	whichkey	false	-	Markdown table editing is filetype-scoped and fully exposed through WhichKey's markdown group
nvim.markdown.prev-cell	all	markdown	neovim	repository	key	<M-h>	table-nvim: previous table cell	nvim-lazyvim/.config/nvim/lua/plugins/markdown.lua	prev = "<M-h>"	whichkey	false	-	Markdown table editing is filetype-scoped and fully exposed through WhichKey's markdown group
nvim.markdown.insert-row-up	all	markdown	neovim	repository	key	<leader>mK	table-nvim: insert a row above	nvim-lazyvim/.config/nvim/lua/plugins/markdown.lua	insert_row_up = "<leader>mK"	whichkey	false	-	Markdown table editing is filetype-scoped and fully exposed through WhichKey's markdown group
nvim.markdown.insert-row-down	all	markdown	neovim	repository	key	<leader>mr	table-nvim: insert a row below	nvim-lazyvim/.config/nvim/lua/plugins/markdown.lua	insert_row_down = "<leader>mr"	whichkey	false	-	Markdown table editing is filetype-scoped and fully exposed through WhichKey's markdown group
nvim.markdown.move-row-up	all	markdown	neovim	repository	key	<leader>mk	table-nvim: move the row up	nvim-lazyvim/.config/nvim/lua/plugins/markdown.lua	move_row_up = "<leader>mk"	whichkey	false	-	Markdown table editing is filetype-scoped and fully exposed through WhichKey's markdown group
nvim.markdown.move-row-down	all	markdown	neovim	repository	key	<leader>mj	table-nvim: move the row down	nvim-lazyvim/.config/nvim/lua/plugins/markdown.lua	move_row_down = "<leader>mj"	whichkey	false	-	Markdown table editing is filetype-scoped and fully exposed through WhichKey's markdown group
nvim.markdown.insert-column-left	all	markdown	neovim	repository	key	<leader>mC	table-nvim: insert a column to the left	nvim-lazyvim/.config/nvim/lua/plugins/markdown.lua	insert_column_left = "<leader>mC"	whichkey	false	-	Markdown table editing is filetype-scoped and fully exposed through WhichKey's markdown group
nvim.markdown.insert-column-right	all	markdown	neovim	repository	key	<leader>mc	table-nvim: insert a column to the right	nvim-lazyvim/.config/nvim/lua/plugins/markdown.lua	insert_column_right = "<leader>mc"	whichkey	false	-	Markdown table editing is filetype-scoped and fully exposed through WhichKey's markdown group
nvim.markdown.move-column-left	all	markdown	neovim	repository	key	<leader>mh	table-nvim: move the column left	nvim-lazyvim/.config/nvim/lua/plugins/markdown.lua	move_column_left = "<leader>mh"	whichkey	false	-	Markdown table editing is filetype-scoped and fully exposed through WhichKey's markdown group
nvim.markdown.move-column-right	all	markdown	neovim	repository	key	<leader>ml	table-nvim: move the column right	nvim-lazyvim/.config/nvim/lua/plugins/markdown.lua	move_column_right = "<leader>ml"	whichkey	false	-	Markdown table editing is filetype-scoped and fully exposed through WhichKey's markdown group
nvim.markdown.insert-table	all	markdown	neovim	repository	key	<leader>mt	table-nvim: insert a table	nvim-lazyvim/.config/nvim/lua/plugins/markdown.lua	insert_table = "<leader>mt"	whichkey	false	-	Markdown table editing is filetype-scoped and fully exposed through WhichKey's markdown group
nvim.markdown.delete-column	all	markdown	neovim	repository	key	<leader>md	table-nvim: delete the column	nvim-lazyvim/.config/nvim/lua/plugins/markdown.lua	delete_column = "<leader>md"	whichkey	false	-	Markdown table editing is filetype-scoped and fully exposed through WhichKey's markdown group
nvim.markdown.group	all	markdown	neovim	repository	key	<leader>m	WhichKey group: markdown	nvim-lazyvim/.config/nvim/lua/plugins/markdown.lua	{ "<leader>m", group = "markdown"	whichkey	false	-	Markdown table editing is filetype-scoped and fully exposed through WhichKey's markdown group
nvim.dotnet.run-nearest	all	dotnet-debug	neovim	repository	key	<leader>tr	EasyDotnet: run the nearest test	nvim-lazyvim/.config/nvim/lua/plugins/dotnet.lua	lhs = "<leader>tr"	whichkey	false	-	Preserves LazyVim's own test keys in C# buffers, so it is discoverable exactly where a LazyVim user already looks
nvim.dotnet.run-file	all	dotnet-debug	neovim	repository	key	<leader>tt	EasyDotnet: run the tests in this file	nvim-lazyvim/.config/nvim/lua/plugins/dotnet.lua	lhs = "<leader>tt"	whichkey	false	-	Preserves LazyVim's own test keys in C# buffers, so it is discoverable exactly where a LazyVim user already looks
nvim.dotnet.debug-nearest	all	dotnet-debug	neovim	repository	key	<leader>td	EasyDotnet: debug the nearest test	nvim-lazyvim/.config/nvim/lua/plugins/dotnet.lua	lhs = "<leader>td"	whichkey	false	-	Preserves LazyVim's own test keys in C# buffers, so it is discoverable exactly where a LazyVim user already looks
parrot.verify	parrot-ctf	ctf-guest	installer	repository	command	verify.sh	Validate the installed guest profile and its ownership boundary	platforms/parrot-ctf/scripts/verify.sh	#!/usr/bin/env bash	documented	true	parrot-ctf	-
parrot.login-shell	parrot-ctf	ctf-guest	zsh	upstream	command	exec zsh -l	Start the installed login shell in the current terminal	-	-	documented	true	parrot-ctf	-
theme.preserve-wallpaper	fedora	base	theme	repository	command	theme <f> --preserve-wallpaper	Change the Catppuccin flavour while keeping the current desktop wallpaper (Fedora desktop only)	bin/.local/bin/theme	--preserve-wallpaper	documented	true	fedora-sway	-
